{
  "Title": "Deep Red",
  "Year": "1975",
  "Rated": "R",
  "Released": "11 Jun 1976",
  "Runtime": "126 min",
  "Genre": "Horror, Mystery, Thriller",
  "Director": "Dario Argento",
  "Writer": "Dario Argento, Bernardino Zapponi (screenplay)",
  "Actors": "David Hemmings, Daria Nicolodi, Gabriele Lavia, Macha Méril",
  "Plot": "After witnessing the murder of a famous psychic, a musician teams up with a feisty reporter to find the killer while evading attempts on their lives by the unseen assailant bent on keeping a dark secret buried.",
  "Language": "Italian",
  "Country": "Italy",
  "Awards": "1 win & 1 nomination.",
  "Poster": "https://images-na.ssl-images-amazon.com/images/M/MV5BYTQyMmUwMjgtOTU0Yy00YTJiLWFlZjMtOWM5NGQ0OWY5YThjXkEyXkFqcGdeQXVyNjQ2MjQ5NzM@._V1_SX300.jpg",
  "Ratings": [
    {
      "Source": "Internet Movie Database",
      "Value": "7.7/10"
    },
    {
      "Source": "Rotten Tomatoes",
      "Value": "95%"
    }
  ],
  "Metascore": "N/A",
  "imdbRating": "7.7",
  "imdbVotes": "21,859",
  "imdbID": "tt0073582",
  "Type": "movie",
  "DVD": "25 Apr 2000",
  "BoxOffice": "N/A",
  "Production": "Anchor Bay Entertainment",
  "Website": "N/A",
  "Response": "True"
}
