{
  "Title": "Fifty Shades of Grey",
  "Year": "2015",
  "Rated": "R",
  "Released": "13 Feb 2015",
  "Runtime": "125 min",
  "Genre": "Drama, Romance, Thriller",
  "Director": "Sam Taylor-Johnson",
  "Writer": "Kelly Marcel (screenplay), E.L. James (novel)",
  "Actors": "Dakota Johnson, Jamie Dornan, Jennifer Ehle, Eloise Mumford",
  "Plot": "Literature student Anastasia Steele's life changes forever when she meets handsome, yet tormented, billionaire Christian Grey.",
  "Language": "English",
  "Country": "USA",
  "Awards": "Nominated for 1 Oscar. Another 9 wins & 23 nominations.",
  "Poster": "https://images-na.ssl-images-amazon.com/images/M/MV5BMjE1MTM4NDAzOF5BMl5BanBnXkFtZTgwNTMwNjI0MzE@._V1_SX300.jpg",
  "Ratings": [
    {
      "Source": "Internet Movie Database",
      "Value": "4.1/10"
    },
    {
      "Source": "Rotten Tomatoes",
      "Value": "25%"
    },
    {
      "Source": "Metacritic",
      "Value": "46/100"
    }
  ],
  "Metascore": "46",
  "imdbRating": "4.1",
  "imdbVotes": "240,335",
  "imdbID": "tt2322441",
  "Type": "movie",
  "DVD": "08 May 2015",
  "BoxOffice": "$189,859,585.00",
  "Production": "Focus Features",
  "Website": "http://www.fiftyshadesmovie.com/",
  "Response": "True"
}
