{
    "Title": "Aquaman",
    "Year": "2018",
    "Rated": "PG-13",
    "Released": "21 Dec 2018",
    "Runtime": "143 min",
    "Genre": "Action, Adventure, Fantasy, Sci-Fi",
    "Director": "James Wan",
    "Writer": "David Leslie Johnson-McGoldrick (screenplay by), Will Beall (screenplay by), Geoff Johns (story by), James Wan (story by), Will Beall (story by), Mort Weisinger (Aquaman created by), Paul Norris (Aquaman created by)",
    "Actors": "Jason Momoa, Amber Heard, Willem Dafoe, Patrick Wilson",
    "Plot": "Arthur Curry, the human-born heir to the underwater kingdom of Atlantis, goes on a quest to prevent a war between the worlds of ocean and land.",
    "Language": "English",
    "Country": "Australia, USA",
    "Awards": "N/A",
    "Poster": "https://m.media-amazon.com/images/M/MV5BOTk5ODg0OTU5M15BMl5BanBnXkFtZTgwMDQ3MDY3NjM@._V1_SX300.jpg",
    "Ratings": [
        {
            "Source": "Internet Movie Database",
            "Value": "7.2/10"
        },
        {
            "Source": "Rotten Tomatoes",
            "Value": "65%"
        },
        {
            "Source": "Metacritic",
            "Value": "55/100"
        }
    ],
    "Metascore": "55",
    "imdbRating": "7.2",
    "imdbVotes": "236,813",
    "imdbID": "tt1477834",
    "Type": "movie",
    "DVD": "N/A",
    "BoxOffice": "N/A",
    "Production": "Warner Bros. Pictures",
    "Website": "http://www.aquamanmovie.com/",
    "Response": "True"
}