{
  "Title": "Hazzard",
  "Year": "2012",
  "Rated": "N/A",
  "Released": "07 Oct 2012",
  "Runtime": "7 min",
  "Genre": "Documentary, Short, Mystery",
  "Director": "Ruth Gregory",
  "Writer": "Ruth Gregory",
  "Actors": "Garr Godfrey, Ruth Gregory, Drake Jurado, Jarrett Nelson",
  "Plot": "Dr. Linda Hazzard strongly believed that fasting was the only logical remedy for all maladies, and watched as 40 of her patients withered into death's embrace in the early 1900s.",
  "Language": "English",
  "Country": "USA",
  "Awards": "N/A",
  "Poster": "N/A",
  "Ratings": [],
  "Metascore": "N/A",
  "imdbRating": "N/A",
  "imdbVotes": "N/A",
  "imdbID": "tt2316697",
  "Type": "movie",
  "DVD": "N/A",
  "BoxOffice": "N/A",
  "Production": "N/A",
  "Website": "N/A",
  "Response": "True"
}
