{
    "Title": "Avatar",
    "Year": "2009",
    "Rated": "PG-13",
    "Released": "18 Dec 2009",
    "Runtime": "162 min",
    "Genre": "Action, Adventure, Fantasy, Sci-Fi",
    "Director": "James Cameron",
    "Writer": "James Cameron",
    "Actors": "Sam Worthington, Zoe Saldana, Sigourney Weaver, Stephen Lang",
    "Plot": "A paraplegic Marine dispatched to the moon Pandora on a unique mission becomes torn between following his orders and protecting the world he feels is his home.",
    "Language": "English, Spanish",
    "Country": "USA",
    "Awards": "Won 3 Oscars. Another 86 wins & 129 nominations.",
    "Poster": "https://m.media-amazon.com/images/M/MV5BMTYwOTEwNjAzMl5BMl5BanBnXkFtZTcwODc5MTUwMw@@._V1_SX300.jpg",
    "Ratings": [
        {
            "Source": "Internet Movie Database",
            "Value": "7.8/10"
        },
        {
            "Source": "Rotten Tomatoes",
            "Value": "82%"
        },
        {
            "Source": "Metacritic",
            "Value": "83/100"
        }
    ],
    "Metascore": "83",
    "imdbRating": "7.8",
    "imdbVotes": "1,078,016",
    "imdbID": "tt0499549",
    "Type": "movie",
    "DVD": "22 Apr 2010",
    "BoxOffice": "$749,700,000",
    "Production": "20th Century Fox",
    "Website": "N/A",
    "Response": "True"
}