{
  "Title": "The Peanuts Movie",
  "Year": "2015",
  "Rated": "G",
  "Released": "06 Nov 2015",
  "Runtime": "88 min",
  "Genre": "Animation, Adventure, Comedy",
  "Director": "Steve Martino",
  "Writer": "Bryan Schulz, Craig Schulz, Cornelius Uliano, Charles M. Schulz (comic strip)",
  "Actors": "Trombone Shorty, Rebecca Bloom, Anastasia Bredikhina, Francesca Capaldi",
  "Plot": "Snoopy embarks upon his greatest mission as he and his team take to the skies to pursue their arch-nemesis, while his best pal Charlie Brown begins his own epic quest back home to win the love of his life.",
  "Language": "English",
  "Country": "USA",
  "Awards": "Nominated for 1 Golden Globe. Another 1 win & 46 nominations.",
  "Poster": "https://images-na.ssl-images-amazon.com/images/M/MV5BNTE5NzMxNzkwNl5BMl5BanBnXkFtZTgwOTQ0Nzk5NzE@._V1_SX300.jpg",
  "Ratings": [
    {
      "Source": "Internet Movie Database",
      "Value": "7.1/10"
    },
    {
      "Source": "Rotten Tomatoes",
      "Value": "87%"
    },
    {
      "Source": "Metacritic",
      "Value": "67/100"
    }
  ],
  "Metascore": "67",
  "imdbRating": "7.1",
  "imdbVotes": "32,959",
  "imdbID": "tt2452042",
  "Type": "movie",
  "DVD": "08 Mar 2016",
  "BoxOffice": "$106,132,048.00",
  "Production": "20th Century Fox",
  "Website": "http://www.peanutsmovie.com",
  "Response": "True"
}
