{
  "Title": "Zorro",
  "Year": "1975",
  "Rated": "G",
  "Released": "01 Jun 1976",
  "Runtime": "120 min",
  "Genre": "Action, Adventure, Comedy",
  "Director": "Duccio Tessari",
  "Writer": "Giorgio Arlorio (story), Giorgio Arlorio (screenplay)",
  "Actors": "Alain Delon, Ottavia Piccolo, Enzo Cerusico, Moustache",
  "Plot": "In the New World, a new Spanish governor finds the province of Nueva Aragón under the iron fist of the corrupt Colonel Huerta and vows to bring justice under the guise of a masked avenger.",
  "Language": "English, Spanish",
  "Country": "Italy, France",
  "Awards": "N/A",
  "Poster": "https://images-na.ssl-images-amazon.com/images/M/MV5BMTk5ODc4OTUyNF5BMl5BanBnXkFtZTcwNTYyNDk5MQ@@._V1_SX300.jpg",
  "Ratings": [
    {
      "Source": "Internet Movie Database",
      "Value": "6.6/10"
    }
  ],
  "Metascore": "N/A",
  "imdbRating": "6.6",
  "imdbVotes": "2,306",
  "imdbID": "tt0072448",
  "Type": "movie",
  "DVD": "17 Jul 2003",
  "BoxOffice": "N/A",
  "Production": "United Artists",
  "Website": "N/A",
  "Response": "True"
}
