{
  "Title": "101 Dalmatians",
  "Year": "1961",
  "Rated": "G",
  "Released": "25 Jan 1961",
  "Runtime": "79 min",
  "Genre": "Animation, Adventure, Comedy",
  "Director": "Clyde Geronimi, Hamilton Luske, Wolfgang Reitherman",
  "Writer": "Bill Peet (story), Dodie Smith (novel)",
  "Actors": "Rod Taylor, J. Pat O'Malley, Betty Lou Gerson, Martha Wentworth",
  "Plot": "When a litter of Dalmatian puppies are abducted by the minions of Cruella de Vil, the parents must find them before she uses them for a diabolical fashion statement.",
  "Language": "English",
  "Country": "USA",
  "Awards": "Won 1 BAFTA Film Award. Another 2 nominations.",
  "Poster": "https://images-na.ssl-images-amazon.com/images/M/MV5BZGMyMjE4OGUtNGZmMC00YzdmLThkMWYtZWIzMmEzNjA4MzVkXkEyXkFqcGdeQXVyMTQxNzMzNDI@._V1_SX300.jpg",
  "Ratings": [
    {
      "Source": "Internet Movie Database",
      "Value": "7.2/10"
    },
    {
      "Source": "Rotten Tomatoes",
      "Value": "98%"
    }
  ],
  "Metascore": "N/A",
  "imdbRating": "7.2",
  "imdbVotes": "117,978",
  "imdbID": "tt0055254",
  "Type": "movie",
  "DVD": "04 Mar 2008",
  "BoxOffice": "N/A",
  "Production": "Buena Vista",
  "Website": "http://disney.go.com/disneyvideos/animatedfilms/101/Index.html",
  "Response": "True"
}
