{
  "Title": "Bee Movie",
  "Year": "2007",
  "Rated": "PG",
  "Released": "02 Nov 2007",
  "Runtime": "91 min",
  "Genre": "Animation, Adventure, Comedy",
  "Director": "Steve Hickner, Simon J. Smith",
  "Writer": "Jerry Seinfeld, Spike Feresten, Barry Marder, Andy Robin, Chuck Martin (additional screenplay material), Tom Papa (additional screenplay material)",
  "Actors": "Jerry Seinfeld, Renée Zellweger, Matthew Broderick, Patrick Warburton",
  "Plot": "Barry B. Benson, a bee just graduated from college, is disillusioned at his lone career choice: making honey. On a special trip outside the hive, Barry's life is saved by Vanessa, a florist in New York City. As their relationship blossoms, he discovers humans actually eat honey, and subsequently decides to sue them.",
  "Language": "English",
  "Country": "USA, Australia",
  "Awards": "Nominated for 1 Golden Globe. Another 1 win & 14 nominations.",
  "Poster": "https://images-na.ssl-images-amazon.com/images/M/MV5BMjE1MDYxOTA4MF5BMl5BanBnXkFtZTcwMDE0MDUzMw@@._V1_SX300.jpg",
  "Ratings": [
    {
      "Source": "Internet Movie Database",
      "Value": "6.2/10"
    },
    {
      "Source": "Rotten Tomatoes",
      "Value": "51%"
    },
    {
      "Source": "Metacritic",
      "Value": "54/100"
    }
  ],
  "Metascore": "54",
  "imdbRating": "6.2",
  "imdbVotes": "111,053",
  "imdbID": "tt0389790",
  "Type": "movie",
  "DVD": "11 Mar 2008",
  "BoxOffice": "$126,597,121.00",
  "Production": "Paramount Pictures",
  "Website": "http://www.BeeMovie.com/",
  "Response": "True"
}
