{
  "Title": "The A-Team",
  "Year": "2010",
  "Rated": "PG-13",
  "Released": "11 Jun 2010",
  "Runtime": "117 min",
  "Genre": "Action, Adventure, Comedy",
  "Director": "Joe Carnahan",
  "Writer": "Joe Carnahan, Brian Bloom, Skip Woods, Frank Lupo (television series \"The A-Team\"), Stephen J. Cannell (television series \"The A-Team\")",
  "Actors": "Liam Neeson, Bradley Cooper, Jessica Biel, Quinton 'Rampage' Jackson",
  "Plot": "A group of Iraq War veterans looks to clear their name with the U.S. military, who suspect the four men of committing a crime for which they were framed.",
  "Language": "English, Spanish, French, Swahili, German",
  "Country": "USA",
  "Awards": "2 wins & 4 nominations.",
  "Poster": "https://images-na.ssl-images-amazon.com/images/M/MV5BMTc4ODc4NTQ1N15BMl5BanBnXkFtZTcwNDUxODUyMw@@._V1_SX300.jpg",
  "Ratings": [
    {
      "Source": "Internet Movie Database",
      "Value": "6.8/10"
    },
    {
      "Source": "Rotten Tomatoes",
      "Value": "47%"
    },
    {
      "Source": "Metacritic",
      "Value": "47/100"
    }
  ],
  "Metascore": "47",
  "imdbRating": "6.8",
  "imdbVotes": "217,178",
  "imdbID": "tt0429493",
  "Type": "movie",
  "DVD": "14 Dec 2010",
  "BoxOffice": "$77,213,489.00",
  "Production": "20th Century Fox",
  "Website": "http://www.ateam-movie.com/",
  "Response": "True"
}
