{
  "Title": "The Love Bug",
  "Year": "1968",
  "Rated": "G",
  "Released": "13 Mar 1969",
  "Runtime": "108 min",
  "Genre": "Comedy, Family, Sport",
  "Director": "Robert Stevenson",
  "Writer": "Bill Walsh (screenplay), Don DaGradi (screenplay), Gordon Buford (story)",
  "Actors": "Dean Jones, Michele Lee, David Tomlinson, Buddy Hackett",
  "Plot": "A race car driver becomes a champion with a Volkswagen Beetle with a mind of its own.",
  "Language": "English, Cantonese, Spanish",
  "Country": "USA",
  "Awards": "1 win & 2 nominations.",
  "Poster": "https://images-na.ssl-images-amazon.com/images/M/MV5BMTMxOTgxMzI1OV5BMl5BanBnXkFtZTcwOTcwMDAwMQ@@._V1_SX300.jpg",
  "Ratings": [
    {
      "Source": "Internet Movie Database",
      "Value": "6.4/10"
    },
    {
      "Source": "Rotten Tomatoes",
      "Value": "75%"
    }
  ],
  "Metascore": "N/A",
  "imdbRating": "6.4",
  "imdbVotes": "10,910",
  "imdbID": "tt0064603",
  "Type": "movie",
  "DVD": "20 May 2003",
  "BoxOffice": "N/A",
  "Production": "Disney",
  "Website": "N/A",
  "Response": "True"
}
