{
    "Title": "Black Rain",
    "Year": "1989",
    "Rated": "R",
    "Released": "22 Sep 1989",
    "Runtime": "125 min",
    "Genre": "Action, Crime, Thriller",
    "Director": "Ridley Scott",
    "Writer": "Craig Bolotin, Warren Lewis",
    "Actors": "Michael Douglas, Andy Garcia, Ken Takakura, Kate Capshaw",
    "Plot": "Two NYC cops arrest a Yakuza member and must escort him when he's extradited to Japan.",
    "Language": "English, Japanese",
    "Country": "USA",
    "Awards": "Nominated for 2 Oscars. Another 1 win & 2 nominations.",
    "Poster": "https://m.media-amazon.com/images/M/MV5BYTkwMDA2MmQtODI1MS00MGI5LWE5YTktMTUzYzY4ZDZjMmQ3XkEyXkFqcGdeQXVyMjY3MjUzNDk@._V1_SX300.jpg",
    "Ratings": [
        {
            "Source": "Internet Movie Database",
            "Value": "6.7/10"
        },
        {
            "Source": "Rotten Tomatoes",
            "Value": "52%"
        },
        {
            "Source": "Metacritic",
            "Value": "56/100"
        }
    ],
    "Metascore": "56",
    "imdbRating": "6.7",
    "imdbVotes": "47,086",
    "imdbID": "tt0096933",
    "Type": "movie",
    "DVD": "16 Feb 1999",
    "BoxOffice": "N/A",
    "Production": "Paramount Home Video",
    "Website": "N/A",
    "Response": "True"
}