{
  "Title": "One Flew Over the Cuckoo's Nest",
  "Year": "1975",
  "Rated": "R",
  "Released": "19 Nov 1975",
  "Runtime": "133 min",
  "Genre": "Drama",
  "Director": "Milos Forman",
  "Writer": "Lawrence Hauben (screenplay), Bo Goldman (screenplay), Ken Kesey (based on the novel by), Dale Wasserman (the play version: \"One Flew Over the Cuckoo's Nest\" by)",
  "Actors": "Michael Berryman, Peter Brocco, Dean R. Brooks, Alonzo Brown",
  "Plot": "A criminal pleads insanity after getting into trouble again and once in the mental institution rebels against the oppressive nurse and rallies up the scared patients.",
  "Language": "English",
  "Country": "USA",
  "Awards": "Won 5 Oscars. Another 30 wins & 13 nominations.",
  "Poster": "https://images-na.ssl-images-amazon.com/images/M/MV5BZjA0OWVhOTAtYWQxNi00YzNhLWI4ZjYtNjFjZTEyYjJlNDVlL2ltYWdlL2ltYWdlXkEyXkFqcGdeQXVyMTQxNzMzNDI@._V1_SX300.jpg",
  "Ratings": [
    {
      "Source": "Internet Movie Database",
      "Value": "8.7/10"
    },
    {
      "Source": "Rotten Tomatoes",
      "Value": "95%"
    },
    {
      "Source": "Metacritic",
      "Value": "79/100"
    }
  ],
  "Metascore": "79",
  "imdbRating": "8.7",
  "imdbVotes": "714,079",
  "imdbID": "tt0073486",
  "Type": "movie",
  "DVD": "09 Dec 1997",
  "BoxOffice": "N/A",
  "Production": "United Artists",
  "Website": "N/A",
  "Response": "True"
}
