{
  "Title": "The Lord of the Rings",
  "Year": "1978",
  "Rated": "PG",
  "Released": "15 Nov 1978",
  "Runtime": "132 min",
  "Genre": "Animation, Adventure, Fantasy",
  "Director": "Ralph Bakshi",
  "Writer": "Chris Conkling (screenplay), Peter S. Beagle (screenplay), J.R.R. Tolkien (novels)",
  "Actors": "Christopher Guard, William Squire, Michael Scholes, John Hurt",
  "Plot": "The Fellowship of the Ring embark on a journey to destroy the One Ring and end Sauron's reign over Middle-earth.",
  "Language": "English, Sindarin",
  "Country": "USA",
  "Awards": "Nominated for 1 Golden Globe. Another 1 win & 2 nominations.",
  "Poster": "https://images-na.ssl-images-amazon.com/images/M/MV5BOGMyNWJhZmYtNGQxYi00Y2ZjLWJmNjktNTgzZWJjOTg4YjM3L2ltYWdlXkEyXkFqcGdeQXVyNTAyODkwOQ@@._V1_SX300.jpg",
  "Ratings": [
    {
      "Source": "Internet Movie Database",
      "Value": "6.2/10"
    },
    {
      "Source": "Rotten Tomatoes",
      "Value": "50%"
    }
  ],
  "Metascore": "N/A",
  "imdbRating": "6.2",
  "imdbVotes": "25,050",
  "imdbID": "tt0077869",
  "Type": "movie",
  "DVD": "11 Sep 2001",
  "BoxOffice": "N/A",
  "Production": "WARNER BROTHERS PICTURES",
  "Website": "N/A",
  "Response": "True"
}
