{
    "Title": "Secretary",
    "Year": "2002",
    "Rated": "R",
    "Released": "11 Oct 2002",
    "Runtime": "107 min",
    "Genre": "Comedy, Drama, Romance",
    "Director": "Steven Shainberg",
    "Writer": "Erin Cressida Wilson (screenplay), Mary Gaitskill (short story), Steven Shainberg (story adaptation), Erin Cressida Wilson (story adaptation)",
    "Actors": "James Spader, Maggie Gyllenhaal, Jeremy Davies, Lesley Ann Warren",
    "Plot": "A young woman, recently released from a mental hospital, gets a job as a secretary to a demanding lawyer, where their employer-employee relationship turns into a sexual, sadomasochistic one.",
    "Language": "English",
    "Country": "USA",
    "Awards": "Nominated for 1 Golden Globe. Another 15 wins & 25 nominations.",
    "Poster": "https://m.media-amazon.com/images/M/MV5BMjA5ODIzMTQ4M15BMl5BanBnXkFtZTYwMDgwNDA3._V1_SX300.jpg",
    "Ratings": [
        {
            "Source": "Internet Movie Database",
            "Value": "7.0/10"
        },
        {
            "Source": "Rotten Tomatoes",
            "Value": "76%"
        },
        {
            "Source": "Metacritic",
            "Value": "63/100"
        }
    ],
    "Metascore": "63",
    "imdbRating": "7.0",
    "imdbVotes": "75,703",
    "imdbID": "tt0274812",
    "Type": "movie",
    "DVD": "01 Apr 2003",
    "BoxOffice": "$3,806,471",
    "Production": "Lions Gate",
    "Website": "http://www.secretarythemovie.com/",
    "Response": "True"
}