{
    "Title": "The Incredibles",
    "Year": "2004",
    "Rated": "PG",
    "Released": "05 Nov 2004",
    "Runtime": "115 min",
    "Genre": "Animation, Action, Adventure, Family",
    "Director": "Brad Bird",
    "Writer": "Brad Bird",
    "Actors": "Craig T. Nelson, Holly Hunter, Samuel L. Jackson, Jason Lee",
    "Plot": "A family of undercover superheroes, while trying to live the quiet suburban life, are forced into action to save the world.",
    "Language": "English, French",
    "Country": "USA",
    "Awards": "Won 2 Oscars. Another 65 wins & 55 nominations.",
    "Poster": "https://m.media-amazon.com/images/M/MV5BMTY5OTU0OTc2NV5BMl5BanBnXkFtZTcwMzU4MDcyMQ@@._V1_SX300.jpg",
    "Ratings": [
        {
            "Source": "Internet Movie Database",
            "Value": "8.0/10"
        },
        {
            "Source": "Metacritic",
            "Value": "90/100"
        }
    ],
    "Metascore": "90",
    "imdbRating": "8.0",
    "imdbVotes": "598,572",
    "imdbID": "tt0317705",
    "Type": "movie",
    "DVD": "29 Mar 2005",
    "BoxOffice": "N/A",
    "Production": "N/A",
    "Website": "N/A",
    "Response": "True"
}