{
  "Title": "Signs",
  "Year": "2002",
  "Rated": "PG-13",
  "Released": "02 Aug 2002",
  "Runtime": "106 min",
  "Genre": "Drama, Mystery, Sci-Fi",
  "Director": "M. Night Shyamalan",
  "Writer": "M. Night Shyamalan",
  "Actors": "Mel Gibson, Joaquin Phoenix, Rory Culkin, Abigail Breslin",
  "Plot": "A family living on a farm finds mysterious crop circles in their fields which suggests something more frightening to come.",
  "Language": "English, Portuguese",
  "Country": "USA",
  "Awards": "3 wins & 30 nominations.",
  "Poster": "https://images-na.ssl-images-amazon.com/images/M/MV5BNDUwMDUyMDAyNF5BMl5BanBnXkFtZTYwMDQ3NzM3._V1_SX300.jpg",
  "Ratings": [
    {
      "Source": "Internet Movie Database",
      "Value": "6.7/10"
    },
    {
      "Source": "Rotten Tomatoes",
      "Value": "74%"
    },
    {
      "Source": "Metacritic",
      "Value": "59/100"
    }
  ],
  "Metascore": "59",
  "imdbRating": "6.7",
  "imdbVotes": "283,260",
  "imdbID": "tt0286106",
  "Type": "movie",
  "DVD": "07 Jan 2003",
  "BoxOffice": "$227,935,522.00",
  "Production": "Buena Vista Distribution Compa",
  "Website": "http://bventertainment.go.com/movies/signs/index.html",
  "Response": "True"
}
