{
  "Title": "Speed Racer",
  "Year": "2008",
  "Rated": "PG",
  "Released": "09 May 2008",
  "Runtime": "135 min",
  "Genre": "Action, Family, Sci-Fi",
  "Director": "Lana Wachowski, Lilly Wachowski",
  "Writer": "Lilly Wachowski, Lana Wachowski, Tatsuo Yoshida (animated series \"Speed Racer\")",
  "Actors": "Emile Hirsch, Nicholas Elia, Susan Sarandon, Melissa Holroyd",
  "Plot": "A young driver, Speed Racer, aspires to be champion of the racing world with the help of his family and his high-tech Mach 5 automobile.",
  "Language": "English",
  "Country": "USA, Australia, Germany",
  "Awards": "13 nominations.",
  "Poster": "https://images-na.ssl-images-amazon.com/images/M/MV5BMTA5MjgxMDE4OTVeQTJeQWpwZ15BbWU3MDgyNjc4NjE@._V1_SX300.jpg",
  "Ratings": [
    {
      "Source": "Internet Movie Database",
      "Value": "6.1/10"
    },
    {
      "Source": "Rotten Tomatoes",
      "Value": "39%"
    },
    {
      "Source": "Metacritic",
      "Value": "37/100"
    }
  ],
  "Metascore": "37",
  "imdbRating": "6.1",
  "imdbVotes": "59,401",
  "imdbID": "tt0811080",
  "Type": "movie",
  "DVD": "16 Sep 2008",
  "BoxOffice": "$43,929,341.00",
  "Production": "Warner Bros. Pictures",
  "Website": "http://speedracerthemovie.warnerbros.com/",
  "Response": "True"
}
