{
  "Title": "Creed",
  "Year": "2015",
  "Rated": "PG-13",
  "Released": "25 Nov 2015",
  "Runtime": "133 min",
  "Genre": "Drama, Sport",
  "Director": "Ryan Coogler",
  "Writer": "Ryan Coogler (screenplay), Aaron Covington (screenplay), Ryan Coogler (story by), Sylvester Stallone (based on characters created by)",
  "Actors": "Michael B. Jordan, Sylvester Stallone, Tessa Thompson, Phylicia Rashad",
  "Plot": "The former World Heavyweight Champion Rocky Balboa serves as a trainer and mentor to Adonis Johnson, the son of his late friend and former rival Apollo Creed.",
  "Language": "English, Spanish",
  "Country": "USA",
  "Awards": "Nominated for 1 Oscar. Another 45 wins & 60 nominations.",
  "Poster": "https://images-na.ssl-images-amazon.com/images/M/MV5BODg5NDM1MDI4NF5BMl5BanBnXkFtZTgwMzg0MzQxNzE@._V1_SX300.jpg",
  "Ratings": [
    {
      "Source": "Internet Movie Database",
      "Value": "7.6/10"
    },
    {
      "Source": "Rotten Tomatoes",
      "Value": "95%"
    },
    {
      "Source": "Metacritic",
      "Value": "82/100"
    }
  ],
  "Metascore": "82",
  "imdbRating": "7.6",
  "imdbVotes": "171,582",
  "imdbID": "tt3076658",
  "Type": "movie",
  "DVD": "01 Mar 2016",
  "BoxOffice": "$81,157,671.00",
  "Production": "Warner Bros.",
  "Website": "http://creedthemovie.com/",
  "Response": "True"
}
