{
    "Title": "Soul",
    "Year": "2020",
    "Rated": "PG",
    "Released": "25 Dec 2020",
    "Runtime": "100 min",
    "Genre": "Animation, Adventure, Comedy, Family, Fantasy, Music",
    "Director": "Pete Docter, Kemp Powers(co-director)",
    "Writer": "Pete Docter (story and screenplay by), Mike Jones (story and screenplay by), Kemp Powers (story and screenplay by)",
    "Actors": "Jamie Foxx, Tina Fey, Graham Norton, Rachel House",
    "Plot": "A musician who has lost his passion for music is transported out of his body and must find his way back with the help of an infant soul learning about herself.",
    "Language": "English",
    "Country": "USA",
    "Awards": "5 wins & 18 nominations.",
    "Poster": "https://m.media-amazon.com/images/M/MV5BZGE1MDg5M2MtNTkyZS00MTY5LTg1YzUtZTlhZmM1Y2EwNmFmXkEyXkFqcGdeQXVyNjA3OTI0MDc@._V1_SX300.jpg",
    "Ratings": [
        {
            "Source": "Internet Movie Database",
            "Value": "7.8/10"
        },
        {
            "Source": "Metacritic",
            "Value": "86/100"
        }
    ],
    "Metascore": "86",
    "imdbRating": "7.8",
    "imdbVotes": "662",
    "imdbID": "tt2948372",
    "Type": "movie",
    "DVD": "N/A",
    "BoxOffice": "N/A",
    "Production": "N/A",
    "Website": "N/A",
    "Response": "True"
}