{
    "Title": "Singin' in the Rain",
    "Year": "1952",
    "Rated": "G",
    "Released": "11 Apr 1952",
    "Runtime": "103 min",
    "Genre": "Comedy, Musical, Romance",
    "Director": "Stanley Donen, Gene Kelly",
    "Writer": "Betty Comden (story by), Adolph Green (story by)",
    "Actors": "Gene Kelly, Donald O'Connor, Debbie Reynolds, Jean Hagen",
    "Plot": "A silent film production company and cast make a difficult transition to sound.",
    "Language": "English",
    "Country": "USA",
    "Awards": "Nominated for 2 Oscars. Another 5 wins & 7 nominations.",
    "Poster": "https://m.media-amazon.com/images/M/MV5BMWUyNjQ5MTAtNDJhYS00MWQ0LTk2ZTAtZmE4MWNlMjMwMzg3XkEyXkFqcGdeQXVyNTA4NzY1MzY@._V1_SX300.jpg",
    "Ratings": [
        {
            "Source": "Internet Movie Database",
            "Value": "8.3/10"
        },
        {
            "Source": "Rotten Tomatoes",
            "Value": "100%"
        },
        {
            "Source": "Metacritic",
            "Value": "99/100"
        }
    ],
    "Metascore": "99",
    "imdbRating": "8.3",
    "imdbVotes": "205,757",
    "imdbID": "tt0045152",
    "Type": "movie",
    "DVD": "26 Aug 1997",
    "BoxOffice": "N/A",
    "Production": "MGM",
    "Website": "N/A",
    "Response": "True"
}