{
  "Title": "The Ninth Gate",
  "Year": "1999",
  "Rated": "R",
  "Released": "10 Mar 2000",
  "Runtime": "133 min",
  "Genre": "Mystery, Thriller",
  "Director": "Roman Polanski",
  "Writer": "Arturo Pérez-Reverte (novel), John Brownjohn (screenplay), Enrique Urbizu (screenplay), Roman Polanski (screenplay)",
  "Actors": "Johnny Depp, Frank Langella, Lena Olin, Emmanuelle Seigner",
  "Plot": "A rare book dealer, while seeking out the last two copies of a demon text, gets drawn into a conspiracy with supernatural overtones.",
  "Language": "English, French, Latin, Portuguese, Spanish",
  "Country": "Spain, France, USA",
  "Awards": "1 win & 4 nominations.",
  "Poster": "https://images-na.ssl-images-amazon.com/images/M/MV5BZmNkNzllMmItN2Q2Yy00NWNiLTliMzctOWI1NDAyMWQ5YWJjXkEyXkFqcGdeQXVyNjU0NTI0Nw@@._V1_SX300.jpg",
  "Ratings": [
    {
      "Source": "Internet Movie Database",
      "Value": "6.7/10"
    },
    {
      "Source": "Rotten Tomatoes",
      "Value": "42%"
    },
    {
      "Source": "Metacritic",
      "Value": "44/100"
    }
  ],
  "Metascore": "44",
  "imdbRating": "6.7",
  "imdbVotes": "145,871",
  "imdbID": "tt0142688",
  "Type": "movie",
  "DVD": "18 Jul 2000",
  "BoxOffice": "N/A",
  "Production": "Artisan Entertainment",
  "Website": "http://www.ninthgate.com",
  "Response": "True"
}
