{
  "Title": "Monsters, Inc.",
  "Year": "2001",
  "Rated": "G",
  "Released": "02 Nov 2001",
  "Runtime": "92 min",
  "Genre": "Animation, Adventure, Comedy",
  "Director": "Pete Docter, David Silverman, Lee Unkrich",
  "Writer": "Pete Docter (original story by), Jill Culton (original story by), Jeff Pidgeon (original story by), Ralph Eggleston (original story by), Andrew Stanton (screenplay), Daniel Gerson (screenplay)",
  "Actors": "John Goodman, Billy Crystal, Mary Gibbs, Steve Buscemi",
  "Plot": "In order to power the city, monsters have to scare children so that they scream. However, the children are toxic to the monsters, and after a child gets through, 2 monsters realize things may not be what they think.",
  "Language": "English",
  "Country": "USA",
  "Awards": "Won 1 Oscar. Another 13 wins & 39 nominations.",
  "Poster": "https://images-na.ssl-images-amazon.com/images/M/MV5BMTY1NTI0ODUyOF5BMl5BanBnXkFtZTgwNTEyNjQ0MDE@._V1_SX300.jpg",
  "Ratings": [
    {
      "Source": "Internet Movie Database",
      "Value": "8.1/10"
    },
    {
      "Source": "Rotten Tomatoes",
      "Value": "96%"
    },
    {
      "Source": "Metacritic",
      "Value": "78/100"
    }
  ],
  "Metascore": "78",
  "imdbRating": "8.1",
  "imdbVotes": "625,952",
  "imdbID": "tt0198781",
  "Type": "movie",
  "DVD": "19 Feb 2013",
  "BoxOffice": "$34,034,168.00",
  "Production": "Buena Vista Distribution Compa",
  "Website": "http://disney.go.com/monstersinc/index.html",
  "Response": "True"
}
