{
    "Title": "Poltergeist",
    "Year": "1982",
    "Rated": "PG",
    "Released": "04 Jun 1982",
    "Runtime": "114 min",
    "Genre": "Horror, Thriller",
    "Director": "Tobe Hooper",
    "Writer": "Steven Spielberg (screenplay), Michael Grais (screenplay), Mark Victor (screenplay), Steven Spielberg (story)",
    "Actors": "Craig T. Nelson, JoBeth Williams, Beatrice Straight, Dominique Dunne",
    "Plot": "A family's home is haunted by a host of demonic ghosts.",
    "Language": "English",
    "Country": "USA",
    "Awards": "Nominated for 3 Oscars. Another 4 wins & 4 nominations.",
    "Poster": "https://m.media-amazon.com/images/M/MV5BNzliZmRlYTctYmNkYS00NzE5LWI1OWQtMTRiODY5MDMwMTVkXkEyXkFqcGdeQXVyMTQxNzMzNDI@._V1_SX300.jpg",
    "Ratings": [
        {
            "Source": "Internet Movie Database",
            "Value": "7.4/10"
        },
        {
            "Source": "Rotten Tomatoes",
            "Value": "86%"
        },
        {
            "Source": "Metacritic",
            "Value": "79/100"
        }
    ],
    "Metascore": "79",
    "imdbRating": "7.4",
    "imdbVotes": "129,158",
    "imdbID": "tt0084516",
    "Type": "movie",
    "DVD": "18 Apr 2000",
    "BoxOffice": "N/A",
    "Production": "MGM Home Entertainment",
    "Website": "N/A",
    "Response": "True"
}