{
  "Title": "Six Days Seven Nights",
  "Year": "1998",
  "Rated": "PG-13",
  "Released": "12 Jun 1998",
  "Runtime": "98 min",
  "Genre": "Action, Adventure, Comedy",
  "Director": "Ivan Reitman",
  "Writer": "Michael Browning",
  "Actors": "Harrison Ford, Anne Heche, David Schwimmer, Jacqueline Obradors",
  "Plot": "Robin Monroe, a New York magazine editor, and the gruff pilot Quinn Harris must put aside their mutual dislike if they are to survive after crash landing on a deserted South Seas island.",
  "Language": "English, German",
  "Country": "USA",
  "Awards": "2 wins & 5 nominations.",
  "Poster": "https://images-na.ssl-images-amazon.com/images/M/MV5BZDgwYzNlMjYtNjQxMy00NjQxLWJiMTItNjkzZTQ0ZTZiMTcyXkEyXkFqcGdeQXVyMTQxNzMzNDI@._V1_SX300.jpg",
  "Ratings": [
    {
      "Source": "Internet Movie Database",
      "Value": "5.8/10"
    },
    {
      "Source": "Rotten Tomatoes",
      "Value": "36%"
    },
    {
      "Source": "Metacritic",
      "Value": "51/100"
    }
  ],
  "Metascore": "51",
  "imdbRating": "5.8",
  "imdbVotes": "62,481",
  "imdbID": "tt0120828",
  "Type": "movie",
  "DVD": "08 Dec 1998",
  "BoxOffice": "N/A",
  "Production": "Disney",
  "Website": "N/A",
  "Response": "True"
}
