{
  "Title": "Thor",
  "Year": "2011",
  "Rated": "PG-13",
  "Released": "06 May 2011",
  "Runtime": "115 min",
  "Genre": "Action, Adventure, Fantasy",
  "Director": "Kenneth Branagh",
  "Writer": "Ashley Miller (screenplay), Zack Stentz (screenplay), Don Payne (screenplay), J. Michael Straczynski (story), Mark Protosevich (story), Stan Lee (comic book), Larry Lieber (comic book), Jack Kirby (comic book)",
  "Actors": "Chris Hemsworth, Natalie Portman, Tom Hiddleston, Anthony Hopkins",
  "Plot": "The powerful but arrogant god Thor is cast out of Asgard to live amongst humans in Midgard (Earth), where he soon becomes one of their finest defenders.",
  "Language": "English",
  "Country": "USA",
  "Awards": "5 wins & 29 nominations.",
  "Poster": "https://images-na.ssl-images-amazon.com/images/M/MV5BOGE4NzU1YTAtNzA3Mi00ZTA2LTg2YmYtMDJmMThiMjlkYjg2XkEyXkFqcGdeQXVyNTgzMDMzMTg@._V1_SX300.jpg",
  "Ratings": [
    {
      "Source": "Internet Movie Database",
      "Value": "7.0/10"
    },
    {
      "Source": "Rotten Tomatoes",
      "Value": "77%"
    },
    {
      "Source": "Metacritic",
      "Value": "57/100"
    }
  ],
  "Metascore": "57",
  "imdbRating": "7.0",
  "imdbVotes": "563,376",
  "imdbID": "tt0800369",
  "Type": "movie",
  "DVD": "13 Sep 2011",
  "BoxOffice": "$181,015,141.00",
  "Production": "Paramount Pictures",
  "Website": "http://thor.marvel.com/",
  "Response": "True"
}
