{
    "Title": "Nosferatu",
    "Year": "1922",
    "Rated": "Not Rated",
    "Released": "03 Jun 1929",
    "Runtime": "94 min",
    "Genre": "Fantasy, Horror",
    "Director": "F.W. Murnau",
    "Writer": "Henrik Galeen (screen play), Bram Stoker (based on the novel: \"Dracula\")",
    "Actors": "Max Schreck, Gustav von Wangenheim, Greta Schröder, Georg H. Schnell",
    "Plot": "Vampire Count Orlok expresses interest in a new residence and real estate agent Hutter's wife.",
    "Language": "German",
    "Country": "Germany",
    "Awards": "1 win & 2 nominations.",
    "Poster": "https://m.media-amazon.com/images/M/MV5BMTAxYjEyMTctZTg3Ni00MGZmLWIxMmMtOGM2NTFiY2U3MmExXkEyXkFqcGdeQXVyNzkwMjQ5NzM@._V1_SX300.jpg",
    "Ratings": [
        {
            "Source": "Internet Movie Database",
            "Value": "7.9/10"
        },
        {
            "Source": "Rotten Tomatoes",
            "Value": "97%"
        }
    ],
    "Metascore": "N/A",
    "imdbRating": "7.9",
    "imdbVotes": "83,794",
    "imdbID": "tt0013442",
    "Type": "movie",
    "DVD": "22 Oct 1997",
    "BoxOffice": "N/A",
    "Production": "Film Arts Guild",
    "Website": "N/A",
    "Response": "True"
}