{
  "Title": "Alice in Wonderland",
  "Year": "1951",
  "Rated": "G",
  "Released": "26 Jul 1951",
  "Runtime": "75 min",
  "Genre": "Animation, Adventure, Family",
  "Director": "Clyde Geronimi, Wilfred Jackson, Hamilton Luske",
  "Writer": "Lewis Carroll (adaptation), Winston Hibler (story), Ted Sears (story), Bill Peet (story), Erdman Penner (story), Joe Rinaldi (story), Milt Banta (story), William Cottrell (story), Dick Kelsey (story), Joe Grant (story), Dick Huemer (story), Del Connell (story), Tom Oreb (story), John Walbridge (story)",
  "Actors": "Kathryn Beaumont, Ed Wynn, Richard Haydn, Sterling Holloway",
  "Plot": "Alice stumbles into the world of Wonderland. Will she get home? Not if the Queen of Hearts has her way.",
  "Language": "English",
  "Country": "USA",
  "Awards": "Nominated for 1 Oscar. Another 1 nomination.",
  "Poster": "https://images-na.ssl-images-amazon.com/images/M/MV5BODY1ZDAzNjQtMWU5YS00NzYxLTk3MDQtYTI5MDRkMjgyNmMxL2ltYWdlXkEyXkFqcGdeQXVyNTAyODkwOQ@@._V1_SX300.jpg",
  "Ratings": [
    {
      "Source": "Internet Movie Database",
      "Value": "7.4/10"
    },
    {
      "Source": "Rotten Tomatoes",
      "Value": "79%"
    }
  ],
  "Metascore": "N/A",
  "imdbRating": "7.4",
  "imdbVotes": "100,447",
  "imdbID": "tt0043274",
  "Type": "movie",
  "DVD": "01 Feb 2011",
  "BoxOffice": "N/A",
  "Production": "Film Chest",
  "Website": "N/A",
  "Response": "True"
}
